{
  "total_tracts": 1332,
  "ice_race": {
    "min": -1,
    "max": 0.9273356401384084,
    "mean": 0.11258531918272469,
    "median": 0.2715466351829988,
    "count": 1328
  },
  "ice_income": {
    "min": -0.7714285714285715,
    "max": 0.8481349911190054,
    "mean": 0.18755015190254273,
    "median": 0.2012578616352201,
    "count": 1328
  },
  "ice_race_income": {
    "min": -0.7714285714285715,
    "max": 0.8481349911190054,
    "mean": 0.18755015190254273,
    "median": 0.2012578616352201,
    "count": 1328
  },
  "priority_areas": {
    "race": 330,
    "income": 47,
    "race_income": 47
  }
}